[{"id":1,"name":"Sail & Anchor","suburb":"Fremantle","price":8,"address":"64 South Terrace, Fremantle","website":"https://www.sailandanchor.com.au/","lat":-32.0569,"lng":115.7489,"beerType":"House lager","happyHour":"Daily 4-7pm","context":"$8 pints daily 4-7pm","lastUpdated":"2025-02-16"},{"id":2,"name":"The Norfolk Hotel","suburb":"Fremantle","price":9,"address":"47 South Terrace, Fremantle","website":"https://www.norfolkhotel.com.au/","lat":-32.0554,"lng":115.7469,"beerType":"Carlton Draught","happyHour":"Mon-Fri 5-7pm","context":"$9 Carlton pints Mon-Fri 5-7pm","lastUpdated":"2025-02-16"},{"id":3,"name":"The Monk Brewery","suburb":"Fremantle","price":10,"address":"33 South Terrace, Fremantle","website":"https://www.themonk.com.au/","lat":-32.0538,"lng":115.749,"beerType":"House craft","happyHour":null,"context":"$10 house craft pints","lastUpdated":"2025-02-16"},{"id":4,"name":"Creatures Nextdoor","suburb":"Fremantle","price":7,"address":"10 Blinco St, Fremantle","website":"https://creaturesnextdoor.com/","lat":-32.0479,"lng":115.755,"beerType":"Emu Export","happyHour":"Tue-Fri 3-5pm","context":"$7 Emu Export pints Tue-Fri 3-5pm","lastUpdated":"2025-02-16"},{"id":5,"name":"The Left Bank","suburb":"Fremantle","price":8,"address":"15 Riverside Road, East Fremantle","website":"https://www.leftbank.com.au/","lat":-32.0389,"lng":115.7631,"beerType":"Swan Draught","happyHour":"Daily 4-6pm","context":"$8 Swan Draught pints daily 4-6pm","lastUpdated":"2025-02-16"},{"id":6,"name":"Clancy's Fish Pub","suburb":"Fremantle","price":9,"address":"51 Cantonment St, Fremantle","website":"https://www.clancysfishpub.com.au/","lat":-32.0628,"lng":115.7604,"beerType":"Little Creatures Pale","happyHour":"Mon-Fri 5-6pm","context":"$9 Little Creatures pints Mon-Fri 5-6pm","lastUpdated":"2025-02-16"},{"id":7,"name":"The National Hotel","suburb":"Fremantle","price":8,"address":"98 High St, Fremantle","website":"https://www.nationalhotelfremantle.com.au/","lat":-32.0544,"lng":115.7462,"beerType":"Swan Draught","happyHour":"Daily 4-6pm","context":"$8 Swan pints 4-6pm daily","lastUpdated":"2025-02-16"},{"id":8,"name":"The Fremantle Doctor","suburb":"Fremantle","price":8,"address":"250 South Terrace, South Fremantle","website":null,"lat":-32.0693,"lng":115.7506,"beerType":"Basic beer","happyHour":null,"context":"$8 pints","lastUpdated":"2025-02-16"},{"id":9,"name":"Percy Flint","suburb":"Fremantle","price":9,"address":"135 High St, Fremantle","website":"https://www.percyflint.com.au/","lat":-32.0559,"lng":115.7467,"beerType":"Craft selection","happyHour":null,"context":"$9 craft pints","lastUpdated":"2025-02-16"},{"id":10,"name":"The Federal Hotel","suburb":"Fremantle","price":7,"address":"23 William St, Fremantle","website":null,"lat":-32.0576,"lng":115.7527,"beerType":"Swan Draught","happyHour":"Daily 4-6pm","context":"$7 Swan pints happy hour","lastUpdated":"2025-02-16"},{"id":11,"name":"Upperhand Burgers","suburb":"Swanbourne","price":6,"address":"137 Claremont Crescent, Swanbourne","website":"https://www.upperhandburgers.com.au/","lat":-31.9758,"lng":115.7651,"beerType":"House lager","happyHour":"Mon-Fri 4-6pm","context":"$6 pints - one of Perth's cheapest","lastUpdated":"2025-02-16"},{"id":12,"name":"Fremantle Buffalo Club","suburb":"Fremantle","price":6,"address":"254 South Terrace, South Fremantle","website":null,"lat":-32.0701,"lng":115.7509,"beerType":"Basic beer","happyHour":null,"context":"$6 pints - members club but visitors welcome","lastUpdated":"2025-02-16"},{"id":13,"name":"Mojos Bar","suburb":"Fremantle","price":10,"address":"237 Queen Victoria St, North Fremantle","website":"https://www.mojos.com.au/","lat":-32.0396,"lng":115.7531,"beerType":"Craft selection","happyHour":null,"context":"$10 craft pints - iconic live music venue","lastUpdated":"2025-02-16"},{"id":14,"name":"The Exchange Hotel","suburb":"Kalgoorlie","price":8,"address":"135 Hannan St, Kalgoorlie","website":null,"lat":-30.7489,"lng":121.4662,"beerType":"Swan Draught","happyHour":null,"context":"$8 Swan pints - historic goldfields pub","lastUpdated":"2025-02-16"},{"id":15,"name":"The Old Brewery","suburb":"Perth","price":10,"address":"173 Mounts Bay Road, Perth","website":"https://www.oldbrewery.com.au/","lat":-31.9595,"lng":115.8499,"beerType":"Colonial craft","happyHour":"Fri 4-6pm","context":"$10 Colonial craft pints Fri 4-6pm","lastUpdated":"2025-02-16"},{"id":16,"name":"The Lucky Shag","suburb":"Perth","price":8,"address":"100 The Esplanade, Perth","website":"https://www.luckyshag.com.au/","lat":-31.9571,"lng":115.8572,"beerType":"House lager","happyHour":"Daily 4-6pm","context":"$8 house lager pints 4-6pm","lastUpdated":"2025-02-16"},{"id":17,"name":"Cheeky Sparrow","suburb":"Perth","price":8,"address":"317 Murray St, Perth","website":"https://www.cheekysparrow.com.au/","lat":-31.9512,"lng":115.8582,"beerType":"House lager","happyHour":"Mon-Fri 4-7pm","context":"$8 house pints Mon-Fri 4-7pm","lastUpdated":"2025-02-16"},{"id":18,"name":"The Humming Bird","suburb":"Perth","price":9,"address":"461 Hay St, Perth","website":null,"lat":-31.9492,"lng":115.8594,"beerType":"Craft beer","happyHour":null,"context":"$9 craft pints","lastUpdated":"2025-02-16"},{"id":19,"name":"Wolf Lane","suburb":"Perth","price":9,"address":"321 Murray St, Perth","website":null,"lat":-31.9502,"lng":115.8574,"beerType":"Craft selection","happyHour":null,"context":"$9 craft pints - laneway bar","lastUpdated":"2025-02-16"},{"id":20,"name":"The Elford","suburb":"Perth","price":8,"address":"238 St Georges Terrace, Perth","website":null,"lat":-31.9549,"lng":115.8588,"beerType":"House lager","happyHour":"Mon-Fri 5-7pm","context":"$8 house pints Mon-Fri 5-7pm","lastUpdated":"2025-02-16"},{"id":21,"name":"The Brisbane Hotel","suburb":"Perth","price":8,"address":"292 Beaufort St, Highgate","website":"https://www.brisbanehotel.com.au/","lat":-31.9357,"lng":115.8704,"beerType":"Gage Roads","happyHour":"Daily 4-6pm","context":"$8 Gage Roads pints 4-6pm","lastUpdated":"2025-02-16"},{"id":22,"name":"Bob's Bar","suburb":"Northbridge","price":10,"address":"376 William St, Northbridge","website":null,"lat":-31.9451,"lng":115.8567,"beerType":"Craft beer","happyHour":null,"context":"$10 craft pints - rooftop bar","lastUpdated":"2025-02-16"},{"id":23,"name":"The Bird","suburb":"Northbridge","price":8,"address":"181 William St, Northbridge","website":null,"lat":-31.9451,"lng":115.8574,"beerType":"Tap beer","happyHour":"Tue-Fri 5-7pm","context":"$8 pints Tue-Fri 5-7pm","lastUpdated":"2025-02-16"},{"id":24,"name":"The Rechabite","suburb":"Northbridge","price":9,"address":"224 William St, Northbridge","website":null,"lat":-31.946,"lng":115.8579,"beerType":"Rotating tap","happyHour":null,"context":"$9 rotating tap pints - heritage venue","lastUpdated":"2025-02-16"},{"id":25,"name":"Varnish on King","suburb":"Perth","price":10,"address":"75 King St, Perth","website":null,"lat":-31.9532,"lng":115.8624,"beerType":"Craft selection","happyHour":null,"context":"$10 craft pints - whisky bar","lastUpdated":"2025-02-16"},{"id":26,"name":"The Standard","suburb":"Northbridge","price":8,"address":"28 Roe St, Northbridge","website":null,"lat":-31.9461,"lng":115.8558,"beerType":"House lager","happyHour":"Wed-Fri 5-7pm","context":"$8 house pints Wed-Fri 5-7pm","lastUpdated":"2025-02-16"},{"id":27,"name":"Lot 20","suburb":"Northbridge","price":8,"address":"198-206 William St, Northbridge","website":null,"lat":-31.9458,"lng":115.8575,"beerType":"House lager","happyHour":"Mon-Fri 4-6pm","context":"$8 house pints Mon-Fri 4-6pm","lastUpdated":"2025-02-16"},{"id":28,"name":"Alabama Song","suburb":"Northbridge","price":9,"address":"232 William St, Northbridge","website":null,"lat":-31.9464,"lng":115.8578,"beerType":"Tap beer","happyHour":null,"context":"$9 tap pints - Southern comfort bar","lastUpdated":"2025-02-16"},{"id":29,"name":"The Queens","suburb":"Highgate","price":8,"address":"520 Beaufort St, Highgate","website":"https://www.thequeens.com.au/","lat":-31.9318,"lng":115.8731,"beerType":"House lager","happyHour":"Daily 4-6pm","context":"$8 house pints 4-6pm","lastUpdated":"2025-02-16"},{"id":30,"name":"The Flying Scotsman","suburb":"Mount Lawley","price":8,"address":"639 Beaufort St, Mount Lawley","website":"https://www.flyingscotsman.com.au/","lat":-31.9278,"lng":115.8754,"beerType":"Swan Draught","happyHour":"Tue-Fri 5-7pm","context":"$8 Swan pints Tue-Fri 5-7pm","lastUpdated":"2025-02-16"},{"id":31,"name":"The Oxford Hotel","suburb":"Leederville","price":8,"address":"124 Oxford St, Leederville","website":null,"lat":-31.9348,"lng":115.8412,"beerType":"House lager","happyHour":"Daily 5-7pm","context":"$8 house pints 5-7pm","lastUpdated":"2025-02-16"},{"id":32,"name":"Five Bar","suburb":"Mount Lawley","price":8,"address":"560 Beaufort St, Mount Lawley","website":"https://fivebar.com.au/","lat":-31.929,"lng":115.8744,"beerType":"House lager","happyHour":"Mon-Fri 4-6pm","context":"$8 house pints Mon-Fri 4-6pm","lastUpdated":"2025-02-16"},{"id":33,"name":"The Court Hotel","suburb":"Perth","price":8,"address":"50 Beaufort St, Perth","website":"https://www.thecourt.com.au/","lat":-31.9458,"lng":115.8638,"beerType":"House lager","happyHour":"Daily 4-7pm","context":"$8 house pints daily 4-7pm","lastUpdated":"2025-02-16"},{"id":34,"name":"The Moon Cafe","suburb":"Northbridge","price":9,"address":"323 William St, Northbridge","website":null,"lat":-31.9478,"lng":115.8586,"beerType":"Various taps","happyHour":null,"context":"$9 tap pints - all-night happy hour Tuesday","lastUpdated":"2025-02-16"},{"id":35,"name":"The Civic Hotel","suburb":"Inglewood","price":8,"address":"991 Beaufort St, Inglewood","website":null,"lat":-31.9142,"lng":115.8817,"beerType":"House lager","happyHour":"Daily 4-6pm","context":"$8 house pints 4-6pm","lastUpdated":"2025-02-16"},{"id":36,"name":"Rosemount Hotel","suburb":"North Perth","price":9,"address":"459 Fitzgerald St, North Perth","website":"https://www.rosemounthotel.com.au/","lat":-31.9294,"lng":115.853,"beerType":"Rotating craft","happyHour":null,"context":"$9 rotating craft pints","lastUpdated":"2025-02-16"},{"id":37,"name":"The Paddington","suburb":"Mount Hawthorn","price":8,"address":"141 Scarborough Beach Rd, Mount Hawthorn","website":null,"lat":-31.9213,"lng":115.8363,"beerType":"House lager","happyHour":"Tue-Sat 5-7pm","context":"$8 house pints Tue-Sat 5-7pm","lastUpdated":"2025-02-16"},{"id":38,"name":"The Vic","suburb":"Subiaco","price":8,"address":"226 Hay St, Subiaco","website":null,"lat":-31.9446,"lng":115.8264,"beerType":"House lager","happyHour":"Tue-Fri 5-7pm","context":"$8 house pints Tue-Fri 5-7pm","lastUpdated":"2025-02-16"},{"id":39,"name":"The Village Bar","suburb":"Subiaco","price":8,"address":"493 Hay St, Subiaco","website":"https://www.villagebar.com.au/","lat":-31.9446,"lng":115.8237,"beerType":"House lager","happyHour":"Daily 4-6pm","context":"$8 house pints 4-6pm","lastUpdated":"2025-02-16"},{"id":40,"name":"The Stirling Arms","suburb":"Guildford","price":8,"address":"117 James St, Guildford","website":null,"lat":-31.899,"lng":115.9752,"beerType":"House lager","happyHour":null,"context":"$8 house pints - historic pub","lastUpdated":"2025-02-16"},{"id":41,"name":"Bayswater Hotel","suburb":"Bayswater","price":8,"address":"78-80 Railway Parade, Bayswater","website":"https://www.bayswaterhotel.com.au/","lat":-31.9183,"lng":115.9162,"beerType":"House lager","happyHour":"Mon-Fri 5-7pm","context":"$8 house pints Mon-Fri 5-7pm","lastUpdated":"2025-02-16"},{"id":42,"name":"Bassendean Hotel","suburb":"Bassendean","price":8,"address":"1 Old Perth Rd, Bassendean","website":"https://www.bassendeanhotel.com.au/","lat":-31.9027,"lng":115.9449,"beerType":"Swan Draught","happyHour":"Daily 4-6pm","context":"$8 Swan pints 4-6pm","lastUpdated":"2025-02-16"},{"id":43,"name":"Belmont Tavern","suburb":"Belmont","price":7,"address":"174 Wright St, Cloverdale","website":null,"lat":-31.9614,"lng":115.9419,"beerType":"House lager","happyHour":"Mon-Fri 4-6pm","context":"$7 house pints Mon-Fri 4-6pm","lastUpdated":"2025-02-16"},{"id":44,"name":"The Gate Bar & Bistro","suburb":"Perth Airport","price":10,"address":"Airport Central, Perth Airport","website":null,"lat":-31.9403,"lng":115.9748,"beerType":"Carlton Draught","happyHour":null,"context":"$10 Carlton pints - airport venue","lastUpdated":"2025-02-16"},{"id":45,"name":"Ocean Beach Hotel","suburb":"Cottesloe","price":8,"address":"99 Marine Parade, Cottesloe","website":"https://www.obh.com.au/","lat":-31.9952,"lng":115.7536,"beerType":"House lager","happyHour":"Daily 4-6pm","context":"$8 house pints 4-6pm - ocean views","lastUpdated":"2025-02-16"},{"id":46,"name":"Cottesloe Beach Hotel","suburb":"Cottesloe","price":9,"address":"104 Marine Parade, Cottesloe","website":"https://www.cottesloebeachhotel.com.au/","lat":-31.9941,"lng":115.7539,"beerType":"Premium tap","happyHour":"Mon-Fri 5-7pm","context":"$9 premium tap pints Mon-Fri 5-7pm","lastUpdated":"2025-02-16"},{"id":47,"name":"The Shorehouse","suburb":"Swanbourne","price":10,"address":"279 Marine Parade, Swanbourne","website":"https://www.theshorehouse.com.au/","lat":-31.9826,"lng":115.7588,"beerType":"Premium craft","happyHour":null,"context":"$10 premium craft pints - beachfront","lastUpdated":"2025-02-16"},{"id":48,"name":"North Beach Hotel","suburb":"North Beach","price":8,"address":"45 Flora Terrace, North Beach","website":null,"lat":-31.8599,"lng":115.7539,"beerType":"House lager","happyHour":"Daily 4-6pm","context":"$8 house pints 4-6pm","lastUpdated":"2025-02-16"},{"id":49,"name":"Scarborough Beach Bar","suburb":"Scarborough","price":9,"address":"171 The Esplanade, Scarborough","website":"https://www.scarboroughbeachbar.com.au/","lat":-31.8942,"lng":115.7558,"beerType":"House lager","happyHour":"Daily 4-7pm","context":"$9 house pints daily 4-7pm - beach views","lastUpdated":"2025-02-16"},{"id":50,"name":"El Grotto","suburb":"Scarborough","price":10,"address":"The Esplanade, Scarborough","website":"https://www.elgrotto.com.au/","lat":-31.8944,"lng":115.7548,"beerType":"Craft selection","happyHour":"Tue-Fri 4-6pm","context":"$10 craft pints Tue-Fri 4-6pm","lastUpdated":"2025-02-16"},{"id":51,"name":"The Peach Pit","suburb":"Scarborough","price":9,"address":"18 Scarborough Beach Rd, Scarborough","website":null,"lat":-31.8948,"lng":115.7592,"beerType":"House lager","happyHour":"Wed-Sun 4-6pm","context":"$9 house pints Wed-Sun 4-6pm","lastUpdated":"2025-02-16"},{"id":52,"name":"Whitfords Brewing Company","suburb":"Hillarys","price":10,"address":"Whitford City Shopping Centre, Hillarys","website":"https://www.whitfordsbrewing.com.au/","lat":-31.8078,"lng":115.7395,"beerType":"House craft","happyHour":null,"context":"$10 house craft pints - microbrewery","lastUpdated":"2025-02-16"},{"id":53,"name":"The Breakwater","suburb":"Hillarys","price":9,"address":"Hillarys Boat Harbour, Hillarys","website":null,"lat":-31.8265,"lng":115.7385,"beerType":"House lager","happyHour":"Fri-Sun 4-6pm","context":"$9 house pints Fri-Sun 4-6pm - harbour views","lastUpdated":"2025-02-16"},{"id":54,"name":"3 Sheets","suburb":"Hillarys","price":9,"address":"Hillarys Boat Harbour, Hillarys","website":null,"lat":-31.8268,"lng":115.7381,"beerType":"Tap selection","happyHour":"Daily 5-7pm","context":"$9 tap pints daily 5-7pm","lastUpdated":"2025-02-16"},{"id":55,"name":"Trigg Island Surf Club","suburb":"Trigg","price":8,"address":"Trigg Beach, Trigg","website":null,"lat":-31.8738,"lng":115.7554,"beerType":"House lager","happyHour":null,"context":"$8 house pints - surf club","lastUpdated":"2025-02-16"},{"id":56,"name":"The Islander Sorrento","suburb":"Sorrento","price":9,"address":"10 Padbury Circle, Sorrento","website":null,"lat":-31.8284,"lng":115.7525,"beerType":"House lager","happyHour":"Tue-Sat 5-7pm","context":"$9 house pints Tue-Sat 5-7pm","lastUpdated":"2025-02-16"},{"id":57,"name":"Padbury Tavern","suburb":"Padbury","price":8,"address":"6 Warburton Ave, Padbury","website":null,"lat":-31.8087,"lng":115.7671,"beerType":"House lager","happyHour":"Mon-Fri 4-6pm","context":"$8 house pints Mon-Fri 4-6pm","lastUpdated":"2025-02-16"},{"id":58,"name":"Ocean Reef Sea Sports Club","suburb":"Ocean Reef","price":7,"address":"Ocean Reef Boat Harbour, Ocean Reef","website":null,"lat":-31.7589,"lng":115.7342,"beerType":"Swan Draught","happyHour":null,"context":"$7 Swan pints - members club, visitors welcome","lastUpdated":"2025-02-16"},{"id":59,"name":"The Karrinyup Waters Hotel","suburb":"Karrinyup","price":9,"address":"200 Karrinyup Rd, Karrinyup","website":null,"lat":-31.8657,"lng":115.7831,"beerType":"House lager","happyHour":"Daily 4-6pm","context":"$9 house pints daily 4-6pm","lastUpdated":"2025-02-16"},{"id":60,"name":"Charles Hotel","suburb":"North Perth","price":8,"address":"509 Charles St, North Perth","website":"https://charleshotel.com.au/","lat":-31.9218,"lng":115.8565,"beerType":"House lager","happyHour":"Daily 5-7pm","context":"$8 house pints daily 5-7pm","lastUpdated":"2025-02-16"},{"id":61,"name":"Hyde Park Hotel","suburb":"Highgate","price":8,"address":"331 Bulwer St, Highgate","website":"https://hydeparkhotel.com.au/","lat":-31.9337,"lng":115.8629,"beerType":"House lager","happyHour":"Mon-Fri 5-7pm","context":"$8 house pints Mon-Fri 5-7pm","lastUpdated":"2025-02-16"},{"id":62,"name":"City Beach Surf Club","suburb":"City Beach","price":8,"address":"Challenger Parade, City Beach","website":"https://citybeachsurfclub.com.au/","lat":-31.9342,"lng":115.7529,"beerType":"Swan Draught","happyHour":"Wed-Sun 4-6pm","context":"$8 Swan pints Wed-Sun 4-6pm - ocean views","lastUpdated":"2025-02-16"},{"id":63,"name":"Floreat Beach Kiosk","suburb":"Floreat","price":9,"address":"Floreat Beach, Floreat","website":null,"lat":-31.9295,"lng":115.7533,"beerType":"House lager","happyHour":null,"context":"$9 house pints - beachfront","lastUpdated":"2025-02-16"},{"id":64,"name":"Wembley Hotel","suburb":"Wembley","price":8,"address":"344 Cambridge St, Wembley","website":null,"lat":-31.9345,"lng":115.8103,"beerType":"House lager","happyHour":"Tue-Sat 5-7pm","context":"$8 house pints Tue-Sat 5-7pm","lastUpdated":"2025-02-16"},{"id":65,"name":"Swanbourne Surf Club","suburb":"Swanbourne","price":8,"address":"Marine Parade, Swanbourne","website":null,"lat":-31.9785,"lng":115.7591,"beerType":"Swan Draught","happyHour":"Fri-Sun 4-6pm","context":"$8 Swan pints Fri-Sun 4-6pm","lastUpdated":"2025-02-16"},{"id":66,"name":"Rambla on Swan","suburb":"East Perth","price":10,"address":"75 Royal St, East Perth","website":"https://www.ramblaonswan.com.au/","lat":-31.9547,"lng":115.874,"beerType":"Premium craft","happyHour":null,"context":"$10 premium craft pints - riverside","lastUpdated":"2025-02-16"},{"id":67,"name":"The Peninsula","suburb":"Maylands","price":8,"address":"117 Railway Parade, Maylands","website":null,"lat":-31.9352,"lng":115.8922,"beerType":"House lager","happyHour":"Daily 4-6pm","context":"$8 house pints daily 4-6pm","lastUpdated":"2025-02-16"},{"id":68,"name":"The Elford Streetside","suburb":"Perth","price":8,"address":"238 St Georges Terrace, Perth","website":null,"lat":-31.9553,"lng":115.8591,"beerType":"Tap selection","happyHour":"Mon-Fri 4-6pm","context":"$8 tap pints Mon-Fri 4-6pm","lastUpdated":"2025-02-16"},{"id":69,"name":"The Guildford Hotel","suburb":"Guildford","price":8,"address":"159 James St, Guildford","website":"https://www.theguildfordhotel.com.au/","lat":-31.8995,"lng":115.976,"beerType":"House lager","happyHour":"Daily 5-7pm","context":"$8 house pints daily 5-7pm - heritage building","lastUpdated":"2025-02-16"},{"id":70,"name":"Morley Ale House","suburb":"Morley","price":8,"address":"220 Walter Rd, Morley","website":null,"lat":-31.8905,"lng":115.9025,"beerType":"Rotating taps","happyHour":"Mon-Fri 5-7pm","context":"$8 tap pints Mon-Fri 5-7pm","lastUpdated":"2025-02-16"},{"id":71,"name":"Stanley's Bar","suburb":"East Perth","price":9,"address":"9 Nile St, East Perth","website":null,"lat":-31.9558,"lng":115.8785,"beerType":"Craft beer","happyHour":null,"context":"$9 craft pints","lastUpdated":"2025-02-16"},{"id":72,"name":"Belgian Beer Cafe","suburb":"Perth","price":10,"address":"347 Murray St, Perth","website":null,"lat":-31.951,"lng":115.8607,"beerType":"Belgian import","happyHour":null,"context":"$10 Belgian import pints","lastUpdated":"2025-02-16"},{"id":73,"name":"Indian Ocean Brewing Co","suburb":"Mindarie","price":10,"address":"7 Ocean Falls Blvd, Mindarie","website":"https://www.indianoceanbrewing.com.au/","lat":-31.6898,"lng":115.7078,"beerType":"House craft","happyHour":null,"context":"$10 house craft pints - microbrewery","lastUpdated":"2025-02-16"},{"id":74,"name":"The Quarie","suburb":"Karrinyup","price":8,"address":"100 Karrinyup Rd, Karrinyup","website":null,"lat":-31.8657,"lng":115.7811,"beerType":"House lager","happyHour":"Wed-Sat 4-6pm","context":"$8 house pints Wed-Sat 4-6pm","lastUpdated":"2025-02-16"},{"id":75,"name":"Joondalup Resort","suburb":"Joondalup","price":10,"address":"Country Club Blvd, Joondalup","website":"https://www.joondalupresort.com.au/","lat":-31.7635,"lng":115.7851,"beerType":"Premium tap","happyHour":null,"context":"$10 premium tap pints - golf resort","lastUpdated":"2025-02-16"},{"id":76,"name":"Grand Cru Tavern","suburb":"Joondalup","price":9,"address":"Joondalup Dr, Joondalup","website":null,"lat":-31.7405,"lng":115.7645,"beerType":"House lager","happyHour":"Mon-Fri 5-7pm","context":"$9 house pints Mon-Fri 5-7pm","lastUpdated":"2025-02-16"},{"id":77,"name":"The Windy Mill","suburb":"Wanneroo","price":8,"address":"70 Dundebar Rd, Wanneroo","website":null,"lat":-31.7513,"lng":115.8058,"beerType":"Swan Draught","happyHour":"Daily 4-6pm","context":"$8 Swan pints 4-6pm","lastUpdated":"2025-02-16"},{"id":78,"name":"The Rooftop Bar","suburb":"Perth","price":10,"address":"QT Perth, Murray St, Perth","website":null,"lat":-31.9528,"lng":115.8593,"beerType":"Premium tap","happyHour":null,"context":"$10 premium tap pints - rooftop views","lastUpdated":"2025-02-16"},{"id":79,"name":"Craigie Tavern","suburb":"Craigie","price":8,"address":"5 Eddystone Ave, Craigie","website":null,"lat":-31.7854,"lng":115.7818,"beerType":"House lager","happyHour":"Tue-Sat 4-6pm","context":"$8 house pints Tue-Sat 4-6pm","lastUpdated":"2025-02-16"},{"id":80,"name":"Cannington Ale House","suburb":"Cannington","price":8,"address":"Cecil Ave, Cannington","website":null,"lat":-32.0173,"lng":115.9377,"beerType":"Rotating taps","happyHour":"Mon-Fri 5-7pm","context":"$8 tap pints Mon-Fri 5-7pm","lastUpdated":"2025-02-16"},{"id":81,"name":"Secret Harbour Tavern","suburb":"Secret Harbour","price":8,"address":"5 Secret Harbour Blvd, Secret Harbour","website":null,"lat":-32.4108,"lng":115.7328,"beerType":"House lager","happyHour":"Daily 4-6pm","context":"$8 house pints 4-6pm","lastUpdated":"2025-02-16"},{"id":82,"name":"Rockingham Hotel","suburb":"Rockingham","price":8,"address":"2 Railway Terrace, Rockingham","website":null,"lat":-32.2834,"lng":115.7291,"beerType":"Swan Draught","happyHour":"Mon-Fri 5-7pm","context":"$8 Swan pints Mon-Fri 5-7pm","lastUpdated":"2025-02-16"},{"id":83,"name":"Mandurah Offshore Fishing Club","suburb":"Mandurah","price":7,"address":"Breakwater Parade, Mandurah","website":null,"lat":-32.5226,"lng":115.7187,"beerType":"Swan Draught","happyHour":null,"context":"$7 Swan pints - members club, visitors welcome","lastUpdated":"2025-02-16"},{"id":84,"name":"Brighton Hotel","suburb":"Mandurah","price":8,"address":"Mandurah Terrace, Mandurah","website":null,"lat":-32.5367,"lng":115.7216,"beerType":"House lager","happyHour":"Thu-Sat 5-7pm","context":"$8 house pints Thu-Sat 5-7pm - estuary views","lastUpdated":"2025-02-16"},{"id":85,"name":"The Ravenswood","suburb":"Ravenswood","price":8,"address":"Lloyd Ave, Ravenswood","website":null,"lat":-32.5939,"lng":115.7613,"beerType":"House lager","happyHour":"Daily 4-6pm","context":"$8 house pints 4-6pm","lastUpdated":"2025-02-16"},{"id":86,"name":"Raffles Hotel","suburb":"Applecross","price":9,"address":"Canning Hwy, Applecross","website":"https://www.raffleshotel.com.au/","lat":-32.0116,"lng":115.8346,"beerType":"Premium tap","happyHour":"Mon-Fri 5-7pm","context":"$9 premium tap pints Mon-Fri 5-7pm - river views","lastUpdated":"2025-02-16"},{"id":87,"name":"Coode Street Cafe","suburb":"South Perth","price":9,"address":"49 Coode St, South Perth","website":null,"lat":-31.9677,"lng":115.8606,"beerType":"Craft selection","happyHour":null,"context":"$9 craft pints - riverside","lastUpdated":"2025-02-16"},{"id":88,"name":"Como Hotel","suburb":"Como","price":8,"address":"Canning Hwy, Como","website":null,"lat":-32.0023,"lng":115.8651,"beerType":"House lager","happyHour":"Wed-Sat 5-7pm","context":"$8 house pints Wed-Sat 5-7pm","lastUpdated":"2025-02-16"},{"id":89,"name":"The Windsor Hotel","suburb":"South Perth","price":9,"address":"112 Mill Point Rd, South Perth","website":"https://thewindsorhotel.com.au/","lat":-31.9716,"lng":115.8589,"beerType":"House lager","happyHour":"Daily 4-6pm","context":"$9 house pints daily 4-6pm - heritage hotel","lastUpdated":"2025-02-16"},{"id":90,"name":"The Precinct Tavern","suburb":"Scarborough","price":9,"address":"68 Scarborough Beach Rd, Scarborough","website":null,"lat":-31.8965,"lng":115.7601,"beerType":"House lager","happyHour":"Mon-Thu 5-7pm","context":"$9 house pints Mon-Thu 5-7pm","lastUpdated":"2025-02-16"},{"id":91,"name":"The Lookout Bar","suburb":"Scarborough","price":10,"address":"The Esplanade, Scarborough","website":null,"lat":-31.8945,"lng":115.755,"beerType":"Craft selection","happyHour":"Daily 4-6pm","context":"$10 craft pints 4-6pm - rooftop ocean views","lastUpdated":"2025-02-16"},{"id":92,"name":"Observation City Bar","suburb":"Scarborough","price":11,"address":"The Esplanade, Scarborough","website":null,"lat":-31.8938,"lng":115.7545,"beerType":"Premium tap","happyHour":null,"context":"$11 premium pints - resort bar","lastUpdated":"2025-02-17"},{"id":93,"name":"The Sandbar","suburb":"Scarborough","price":8,"address":"166 The Esplanade, Scarborough","website":"https://www.thesandbar.com.au/","lat":-31.8936,"lng":115.7549,"beerType":"House lager","happyHour":"Daily 4-6pm","context":"$8 house pints daily 4-6pm - beachfront","lastUpdated":"2025-02-17"},{"id":94,"name":"Scarborough Sportsmen's Club","suburb":"Scarborough","price":8,"address":"196 The Esplanade, Scarborough","website":null,"lat":-31.8929,"lng":115.7551,"beerType":"House lager","happyHour":null,"context":"$8 house pints - members club, visitors welcome","lastUpdated":"2025-02-17"},{"id":95,"name":"Indi Bar","suburb":"Scarborough","price":9,"address":"51 Hastings St, Scarborough","website":"https://www.indibar.com.au/","lat":-31.8956,"lng":115.7583,"beerType":"House lager","happyHour":"Mon-Fri 5-7pm","context":"$9 house pints Mon-Fri 5-7pm, $7 on Monday quiz nights","lastUpdated":"2025-02-17"},{"id":96,"name":"Oceans 6019","suburb":"Scarborough","price":7,"address":"45 Brighton Rd, Scarborough","website":null,"lat":-31.8983,"lng":115.7578,"beerType":"House lager","happyHour":"Daily 5-6pm","context":"$7 house pints daily 5-6pm - cheapest in Scarborough!","lastUpdated":"2025-02-17"},{"id":97,"name":"SKØL","suburb":"Scarborough","price":10,"address":"The Esplanade, Scarborough","website":"https://www.skolbar.com.au/","lat":-31.8941,"lng":115.7547,"beerType":"Craft selection","happyHour":null,"context":"$10 craft pints - Scandinavian-themed bar","lastUpdated":"2025-02-17"},{"id":98,"name":"The Galway Hooker","suburb":"Scarborough","price":10,"address":"155 Scarborough Beach Rd, Scarborough","website":null,"lat":-31.8951,"lng":115.7621,"beerType":"Guinness & imports","happyHour":null,"context":"$10 Guinness & import pints - Irish pub","lastUpdated":"2025-02-17"},{"id":99,"name":"Rendezvous Hotel Bar","suburb":"Scarborough","price":10,"address":"148 The Esplanade, Scarborough","website":"https://www.rendezvoushotels.com/","lat":-31.8939,"lng":115.7552,"beerType":"Premium tap","happyHour":"Mon-Fri 5-6pm","context":"$10 premium tap pints Mon-Fri 5-6pm - ocean views","lastUpdated":"2025-02-17"},{"id":100,"name":"Mount Hawthorn Bowling Club","suburb":"Mount Hawthorn","price":7,"address":"36 Flinders St, Mount Hawthorn","website":null,"lat":-31.9168,"lng":115.8378,"beerType":"Swan Draught","happyHour":"Fri 4-6pm","context":"$7 Swan pints Fri 4-6pm - bowls club, visitors welcome","lastUpdated":"2025-02-17"},{"id":101,"name":"The Mezz","suburb":"Mount Hawthorn","price":9,"address":"148 Scarborough Beach Rd, Mount Hawthorn","website":null,"lat":-31.9191,"lng":115.8389,"beerType":"Tap selection","happyHour":"Daily 5-7pm","context":"$9 tap pints daily 5-7pm","lastUpdated":"2025-02-17"},{"id":102,"name":"Doubleview Bowling Club","suburb":"Innaloo","price":7,"address":"150 Dodd St, Innaloo","website":null,"lat":-31.8762,"lng":115.7967,"beerType":"Swan Draught","happyHour":null,"context":"$7 Swan pints - bowls club, visitors welcome","lastUpdated":"2025-02-17"},{"id":103,"name":"Innaloo Sportsmens Club","suburb":"Innaloo","price":8,"address":"Stephens St, Innaloo","website":null,"lat":-31.8711,"lng":115.7994,"beerType":"House lager","happyHour":"Wed-Sun 4-6pm","context":"$8 house pints Wed-Sun 4-6pm","lastUpdated":"2025-02-17"},{"id":104,"name":"Balcatta Soccer Club","suburb":"Balcatta","price":7,"address":"234 Amelia St, Balcatta","website":null,"lat":-31.8611,"lng":115.8241,"beerType":"Emu Export","happyHour":null,"context":"$7 Emu pints - sports club","lastUpdated":"2025-02-17"},{"id":105,"name":"Stirling Leisure Centre Bar","suburb":"Balcatta","price":8,"address":"Dalmeny Way, Balcatta","website":null,"lat":-31.8605,"lng":115.8189,"beerType":"House lager","happyHour":"Fri 5-7pm","context":"$8 house pints Fri 5-7pm","lastUpdated":"2025-02-17"},{"id":106,"name":"Carine RSL","suburb":"Carine","price":7,"address":"11 Dodd St, Carine","website":null,"lat":-31.8497,"lng":115.7834,"beerType":"Swan Draught","happyHour":"Daily 4-6pm","context":"$7 Swan pints 4-6pm - RSL club","lastUpdated":"2025-02-17"},{"id":107,"name":"Kingsley Tavern","suburb":"Kingsley","price":8,"address":"189 Wanneroo Rd, Kingsley","website":null,"lat":-31.8124,"lng":115.8009,"beerType":"House lager","happyHour":"Mon-Thu 5-7pm","context":"$8 house pints Mon-Thu 5-7pm","lastUpdated":"2025-02-17"},{"id":108,"name":"Greenwood Hotel","suburb":"Greenwood","price":8,"address":"Wanneroo Rd & Warwick Rd, Greenwood","website":null,"lat":-31.8274,"lng":115.8028,"beerType":"House lager","happyHour":"Daily 4-6pm","context":"$8 house pints 4-6pm","lastUpdated":"2025-02-17"},{"id":109,"name":"Herdsman Lake Tavern","suburb":"Herdsman","price":8,"address":"33 Herdsman Parade, Herdsman","website":null,"lat":-31.9083,"lng":115.8098,"beerType":"House lager","happyHour":"Tue-Sat 5-7pm","context":"$8 house pints Tue-Sat 5-7pm","lastUpdated":"2025-02-17"},{"id":110,"name":"Galleria Tavern","suburb":"Morley","price":8,"address":"Walter Rd & Collier Rd, Morley","website":null,"lat":-31.8937,"lng":115.8979,"beerType":"House lager","happyHour":"Mon-Fri 5-7pm","context":"$8 house pints Mon-Fri 5-7pm","lastUpdated":"2025-02-17"},{"id":111,"name":"The Mustang Bar","suburb":"Morley","price":9,"address":"46 Walter Rd, Morley","website":null,"lat":-31.8912,"lng":115.8988,"beerType":"Premium tap","happyHour":"Thu-Sat 6-8pm","context":"$9 premium tap Thu-Sat 6-8pm - live music venue","lastUpdated":"2025-02-17"},{"id":112,"name":"Morley Bowling Club","suburb":"Morley","price":7,"address":"5 Wellington Rd, Morley","website":null,"lat":-31.8873,"lng":115.9051,"beerType":"Emu Export","happyHour":null,"context":"$7 Emu pints - bowls club, visitors welcome","lastUpdated":"2025-02-17"},{"id":113,"name":"The Gate Midland","suburb":"Midland","price":8,"address":"307 Great Eastern Hwy, Midland","website":null,"lat":-31.8891,"lng":116.0101,"beerType":"House lager","happyHour":"Daily 4-6pm","context":"$8 house pints daily 4-6pm","lastUpdated":"2025-02-17"},{"id":114,"name":"Midland Brick Tavern","suburb":"Midland","price":8,"address":"9 The Crescent, Midland","website":null,"lat":-31.8854,"lng":116.0072,"beerType":"House lager","happyHour":"Wed-Sat 5-7pm","context":"$8 house pints Wed-Sat 5-7pm","lastUpdated":"2025-02-17"},{"id":115,"name":"Railway Hotel Midland","suburb":"Midland","price":8,"address":"Great Eastern Hwy, Midland","website":null,"lat":-31.8892,"lng":116.0089,"beerType":"Swan Draught","happyHour":null,"context":"$8 Swan pints - heritage pub","lastUpdated":"2025-02-17"},{"id":116,"name":"Woodbridge Hotel","suburb":"Woodbridge","price":8,"address":"50 Guildford Rd, Woodbridge","website":null,"lat":-31.8973,"lng":115.9585,"beerType":"House lager","happyHour":"Tue-Sat 5-7pm","context":"$8 house pints Tue-Sat 5-7pm - river views","lastUpdated":"2025-02-17"},{"id":117,"name":"Midland Sports Complex","suburb":"Midland","price":7,"address":"Centennial Place, Midland","website":null,"lat":-31.8867,"lng":116.0139,"beerType":"Emu Export","happyHour":null,"context":"$7 Emu pints - sports complex bar","lastUpdated":"2025-02-17"},{"id":118,"name":"Success Hill Lodge","suburb":"Bassendean","price":8,"address":"1 Success Hill Rise, Bassendean","website":null,"lat":-31.9034,"lng":115.9429,"beerType":"House lager","happyHour":"Thu-Sun 4-6pm","context":"$8 house pints Thu-Sun 4-6pm","lastUpdated":"2025-02-17"},{"id":119,"name":"Eden Hill Lions Club","suburb":"Bayswater","price":7,"address":"11 Stanton Rd, Bayswater","website":null,"lat":-31.9168,"lng":115.9236,"beerType":"Swan Draught","happyHour":null,"context":"$7 Swan pints - community club","lastUpdated":"2025-02-17"},{"id":120,"name":"Ascot Inn","suburb":"Ascot","price":9,"address":"156 Great Eastern Hwy, Ascot","website":null,"lat":-31.9328,"lng":115.9339,"beerType":"House lager","happyHour":"Fri-Sat 5-7pm","context":"$9 house pints Fri-Sat 5-7pm - near racecourse","lastUpdated":"2025-02-17"},{"id":121,"name":"Redcliffe Tavern","suburb":"Belmont","price":8,"address":"31 Epsom Ave, Belmont","website":null,"lat":-31.9583,"lng":115.9467,"beerType":"House lager","happyHour":"Mon-Thu 4-6pm","context":"$8 house pints Mon-Thu 4-6pm","lastUpdated":"2025-02-17"},{"id":122,"name":"The Riverton Bar & Grill","suburb":"Riverton","price":9,"address":"Riverton Dr, Riverton","website":null,"lat":-32.0345,"lng":115.8967,"beerType":"Tap selection","happyHour":"Wed-Sun 5-7pm","context":"$9 tap pints Wed-Sun 5-7pm","lastUpdated":"2025-02-17"},{"id":123,"name":"Bull Creek Tavern","suburb":"Bull Creek","price":8,"address":"Benningfield Rd, Bull Creek","website":null,"lat":-32.0514,"lng":115.8608,"beerType":"House lager","happyHour":"Tue-Sat 5-7pm","context":"$8 house pints Tue-Sat 5-7pm","lastUpdated":"2025-02-17"},{"id":124,"name":"Willeton RSL","suburb":"Willetton","price":7,"address":"37 Burrendah Blvd, Willetton","website":null,"lat":-32.0529,"lng":115.8831,"beerType":"Swan Draught","happyHour":null,"context":"$7 Swan pints - RSL club, visitors welcome","lastUpdated":"2025-02-17"},{"id":125,"name":"Lynwood Arms","suburb":"Lynwood","price":8,"address":"27 Metcalfe Rd, Lynwood","website":null,"lat":-32.0408,"lng":115.9267,"beerType":"House lager","happyHour":"Daily 4-6pm","context":"$8 house pints daily 4-6pm","lastUpdated":"2025-02-17"},{"id":126,"name":"Thornlie Tavern","suburb":"Thornlie","price":8,"address":"Spencer Rd & Hill View Terrace, Thornlie","website":null,"lat":-32.0521,"lng":115.9546,"beerType":"House lager","happyHour":"Mon-Fri 5-7pm","context":"$8 house pints Mon-Fri 5-7pm","lastUpdated":"2025-02-17"},{"id":127,"name":"Gosnells Hotel","suburb":"Gosnells","price":8,"address":"2998 Albany Hwy, Gosnells","website":null,"lat":-32.0837,"lng":115.9817,"beerType":"House lager","happyHour":"Tue-Sat 4-6pm","context":"$8 house pints Tue-Sat 4-6pm","lastUpdated":"2025-02-17"},{"id":128,"name":"Southern River Tavern","suburb":"Southern River","price":8,"address":"9 Coledale St, Southern River","website":null,"lat":-32.1039,"lng":115.9651,"beerType":"House lager","happyHour":"Wed-Sun 5-7pm","context":"$8 house pints Wed-Sun 5-7pm","lastUpdated":"2025-02-17"},{"id":129,"name":"Canning Vale Club","suburb":"Canning Vale","price":7,"address":"Bannister Rd, Canning Vale","website":null,"lat":-32.0668,"lng":115.9184,"beerType":"Emu Export","happyHour":null,"context":"$7 Emu pints - community club","lastUpdated":"2025-02-17"},{"id":130,"name":"The Beagle Bar","suburb":"Huntingdale","price":8,"address":"20 Warton Rd, Huntingdale","website":null,"lat":-32.0819,"lng":115.9661,"beerType":"House lager","happyHour":"Thu-Sun 5-7pm","context":"$8 house pints Thu-Sun 5-7pm","lastUpdated":"2025-02-17"},{"id":131,"name":"Warnbro Tavern","suburb":"Warnbro","price":8,"address":"Warnbro Sound Ave, Warnbro","website":null,"lat":-32.3398,"lng":115.7637,"beerType":"House lager","happyHour":"Mon-Sat 4-6pm","context":"$8 house pints Mon-Sat 4-6pm","lastUpdated":"2025-02-17"},{"id":132,"name":"Shoalwater Bay Hotel","suburb":"Shoalwater","price":9,"address":"51 Arcadia Dr, Shoalwater","website":null,"lat":-32.2887,"lng":115.7018,"beerType":"Tap selection","happyHour":"Fri-Sun 5-7pm","context":"$9 tap pints Fri-Sun 5-7pm - bay views","lastUpdated":"2025-02-17"},{"id":133,"name":"Safety Bay Yacht Club","suburb":"Safety Bay","price":7,"address":"Arcadia Dr, Safety Bay","website":null,"lat":-32.3071,"lng":115.7319,"beerType":"Swan Draught","happyHour":null,"context":"$7 Swan pints - yacht club, visitors welcome","lastUpdated":"2025-02-17"},{"id":134,"name":"The Quay","suburb":"Rockingham","price":9,"address":"123 Railway Terrace, Rockingham","website":null,"lat":-32.2841,"lng":115.7316,"beerType":"Craft selection","happyHour":"Wed-Sun 5-7pm","context":"$9 craft pints Wed-Sun 5-7pm","lastUpdated":"2025-02-17"},{"id":135,"name":"Port Kennedy Sports Club","suburb":"Port Kennedy","price":7,"address":"34 Marina Way, Port Kennedy","website":null,"lat":-32.3628,"lng":115.7531,"beerType":"Emu Export","happyHour":null,"context":"$7 Emu pints - sports club","lastUpdated":"2025-02-17"},{"id":136,"name":"Singleton Hotel","suburb":"Singleton","price":8,"address":"Mandurah Rd, Singleton","website":null,"lat":-32.4435,"lng":115.7639,"beerType":"House lager","happyHour":"Tue-Sat 5-7pm","context":"$8 house pints Tue-Sat 5-7pm","lastUpdated":"2025-02-17"},{"id":137,"name":"Pinjarra RSL","suburb":"Pinjarra","price":7,"address":"68 George St, Pinjarra","website":null,"lat":-32.6284,"lng":115.8714,"beerType":"Swan Draught","happyHour":"Fri 4-6pm","context":"$7 Swan pints Fri 4-6pm - RSL club","lastUpdated":"2025-02-17"},{"id":138,"name":"Halls Head Bowling Club","suburb":"Halls Head","price":7,"address":"2 Hall Rd, Halls Head","website":null,"lat":-32.5408,"lng":115.7047,"beerType":"Swan Draught","happyHour":null,"context":"$7 Swan pints - bowls club","lastUpdated":"2025-02-17"},{"id":139,"name":"Dawesville Hotel","suburb":"Dawesville","price":8,"address":"Old Coast Rd, Dawesville","website":null,"lat":-32.6296,"lng":115.6316,"beerType":"House lager","happyHour":"Thu-Sun 4-6pm","context":"$8 house pints Thu-Sun 4-6pm","lastUpdated":"2025-02-17"},{"id":140,"name":"Madora Bay Tavern","suburb":"Madora Bay","price":8,"address":"Madora Beach Rd, Madora Bay","website":null,"lat":-32.4641,"lng":115.7486,"beerType":"House lager","happyHour":"Daily 5-7pm","context":"$8 house pints daily 5-7pm","lastUpdated":"2025-02-17"},{"id":141,"name":"Waterford Tavern","suburb":"Waterford","price":8,"address":"Waterford Plaza, William St, Waterford","website":null,"lat":-32.0208,"lng":115.9058,"beerType":"House lager","happyHour":"Mon-Sat 5-7pm","context":"$8 house pints Mon-Sat 5-7pm","lastUpdated":"2025-02-17"},{"id":142,"name":"Karawara Hotel","suburb":"Karawara","price":8,"address":"Manning Rd, Karawara","website":null,"lat":-32.0092,"lng":115.8856,"beerType":"House lager","happyHour":"Tue-Fri 4-6pm","context":"$8 house pints Tue-Fri 4-6pm","lastUpdated":"2025-02-17"},{"id":143,"name":"Bentley Plaza Tavern","suburb":"Bentley","price":8,"address":"1100 Albany Hwy, Bentley","website":null,"lat":-32.0054,"lng":115.9218,"beerType":"House lager","happyHour":"Mon-Thu 5-7pm","context":"$8 house pints Mon-Thu 5-7pm","lastUpdated":"2025-02-17"},{"id":144,"name":"Victoria Park Hotel","suburb":"Victoria Park","price":9,"address":"573 Albany Hwy, Victoria Park","website":"https://www.victoriapark.com.au/","lat":-31.9896,"lng":115.8936,"beerType":"Tap selection","happyHour":"Wed-Sun 4-6pm","context":"$9 tap pints Wed-Sun 4-6pm - heritage pub","lastUpdated":"2025-02-17"},{"id":145,"name":"Carlisle Hotel","suburb":"Carlisle","price":8,"address":"477 Orrong Rd, Carlisle","website":null,"lat":-31.9821,"lng":115.9161,"beerType":"House lager","happyHour":"Daily 5-7pm","context":"$8 house pints daily 5-7pm","lastUpdated":"2025-02-17"},{"id":146,"name":"Queens Tavern Vic Park","suburb":"Victoria Park","price":8,"address":"520 Beaufort St, Victoria Park","website":null,"lat":-31.9854,"lng":115.8919,"beerType":"House lager","happyHour":"Tue-Sat 5-7pm","context":"$8 house pints Tue-Sat 5-7pm","lastUpdated":"2025-02-17"},{"id":147,"name":"Burswood Sports Club","suburb":"Burswood","price":8,"address":"Hill View Terrace, Burswood","website":null,"lat":-31.9662,"lng":115.9031,"beerType":"House lager","happyHour":"Thu-Sun 4-6pm","context":"$8 house pints Thu-Sun 4-6pm","lastUpdated":"2025-02-17"},{"id":148,"name":"Rivervale Tavern","suburb":"Rivervale","price":8,"address":"112 Great Eastern Hwy, Rivervale","website":null,"lat":-31.9545,"lng":115.9168,"beerType":"House lager","happyHour":"Mon-Fri 5-7pm","context":"$8 house pints Mon-Fri 5-7pm","lastUpdated":"2025-02-17"},{"id":149,"name":"Swan Districts Sports Club","suburb":"Bassendean","price":7,"address":"40 West Rd, Bassendean","website":null,"lat":-31.9001,"lng":115.9462,"beerType":"Swan Draught","happyHour":null,"context":"$7 Swan pints - sports club","lastUpdated":"2025-02-17"},{"id":150,"name":"Kewdale Tavern","suburb":"Kewdale","price":8,"address":"133 Kewdale Rd, Kewdale","website":null,"lat":-31.9728,"lng":115.9503,"beerType":"House lager","happyHour":"Tue-Sat 4-6pm","context":"$8 house pints Tue-Sat 4-6pm","lastUpdated":"2025-02-17"},{"id":151,"name":"Fremantle RSL","suburb":"Fremantle","price":7,"address":"14 Parry St, Fremantle","website":null,"lat":-32.0557,"lng":115.7476,"beerType":"Swan Draught","happyHour":"Fri 5-7pm","context":"$7 Swan pints Fri 5-7pm - RSL club","lastUpdated":"2025-02-17"},{"id":152,"name":"East Fremantle Yacht Club","suburb":"East Fremantle","price":8,"address":"Petra St, East Fremantle","website":null,"lat":-32.0398,"lng":115.7614,"beerType":"House lager","happyHour":"Wed-Sun 5-7pm","context":"$8 house pints Wed-Sun 5-7pm - river views","lastUpdated":"2025-02-17"},{"id":153,"name":"Palmyra Bowling Club","suburb":"Palmyra","price":7,"address":"4 Zenobia St, Palmyra","website":null,"lat":-32.0426,"lng":115.7797,"beerType":"Swan Draught","happyHour":null,"context":"$7 Swan pints - bowls club","lastUpdated":"2025-02-17"},{"id":154,"name":"Willagee Tavern","suburb":"Willagee","price":8,"address":"20 Stock Rd, Willagee","website":null,"lat":-32.0489,"lng":115.7884,"beerType":"House lager","happyHour":"Mon-Thu 5-7pm","context":"$8 house pints Mon-Thu 5-7pm","lastUpdated":"2025-02-17"},{"id":155,"name":"Melville Bowling Club","suburb":"Melville","price":7,"address":"10 Stock Rd, Melville","website":null,"lat":-32.0387,"lng":115.7891,"beerType":"Emu Export","happyHour":null,"context":"$7 Emu pints - bowls club","lastUpdated":"2025-02-17"},{"id":156,"name":"Booragoon Hotel","suburb":"Booragoon","price":9,"address":"303 Marmion St, Booragoon","website":null,"lat":-32.0328,"lng":115.8263,"beerType":"Tap selection","happyHour":"Wed-Sat 5-7pm","context":"$9 tap pints Wed-Sat 5-7pm","lastUpdated":"2025-02-17"},{"id":157,"name":"Brentwood Tavern","suburb":"Brentwood","price":8,"address":"150 Cranford Ave, Brentwood","website":null,"lat":-32.0268,"lng":115.8581,"beerType":"House lager","happyHour":"Tue-Sat 4-6pm","context":"$8 house pints Tue-Sat 4-6pm","lastUpdated":"2025-02-17"},{"id":158,"name":"Alfred Cove RSL","suburb":"Alfred Cove","price":7,"address":"94 Beatrice Ave, Alfred Cove","website":null,"lat":-32.0238,"lng":115.8193,"beerType":"Swan Draught","happyHour":"Thu-Sat 4-6pm","context":"$7 Swan pints Thu-Sat 4-6pm - RSL","lastUpdated":"2025-02-17"},{"id":159,"name":"Attadale Bowling Club","suburb":"Attadale","price":7,"address":"Stock Rd, Attadale","website":null,"lat":-32.0271,"lng":115.7916,"beerType":"Emu Export","happyHour":null,"context":"$7 Emu pints - bowls club","lastUpdated":"2025-02-17"},{"id":160,"name":"Bicton Bowling Club","suburb":"Bicton","price":7,"address":"Harris St, Bicton","website":null,"lat":-32.0319,"lng":115.7853,"beerType":"Swan Draught","happyHour":"Fri 5-7pm","context":"$7 Swan pints Fri 5-7pm - bowls club","lastUpdated":"2025-02-17"},{"id":161,"name":"Applecross Sports Club","suburb":"Applecross","price":7,"address":"Kintail Rd, Applecross","website":null,"lat":-32.0078,"lng":115.8387,"beerType":"House lager","happyHour":null,"context":"$7 house pints - sports club","lastUpdated":"2025-02-17"},{"id":162,"name":"Coogee Beach Surf Club","suburb":"Coogee","price":8,"address":"Poore Grove, Coogee","website":null,"lat":-32.1132,"lng":115.7631,"beerType":"House lager","happyHour":"Fri-Sun 4-6pm","context":"$8 house pints Fri-Sun 4-6pm - beachfront","lastUpdated":"2025-02-17"},{"id":163,"name":"Cockburn Central Hotel","suburb":"Cockburn Central","price":9,"address":"Midgegooroo Ave, Cockburn Central","website":null,"lat":-32.1241,"lng":115.8473,"beerType":"Tap selection","happyHour":"Mon-Fri 5-7pm","context":"$9 tap pints Mon-Fri 5-7pm","lastUpdated":"2025-02-17"},{"id":164,"name":"Spearwood Tavern","suburb":"Spearwood","price":8,"address":"Rockingham Rd, Spearwood","website":null,"lat":-32.1051,"lng":115.7823,"beerType":"House lager","happyHour":"Tue-Sat 5-7pm","context":"$8 house pints Tue-Sat 5-7pm","lastUpdated":"2025-02-17"},{"id":165,"name":"Hamilton Hill Bowling Club","suburb":"Hamilton Hill","price":7,"address":"5 Healy Rd, Hamilton Hill","website":null,"lat":-32.0868,"lng":115.7749,"beerType":"Emu Export","happyHour":null,"context":"$7 Emu pints - bowls club","lastUpdated":"2025-02-17"},{"id":166,"name":"Coolbellup Hotel","suburb":"Coolbellup","price":8,"address":"Cordelia Ave, Coolbellup","website":null,"lat":-32.0832,"lng":115.8042,"beerType":"House lager","happyHour":"Mon-Thu 4-6pm","context":"$8 house pints Mon-Thu 4-6pm","lastUpdated":"2025-02-17"},{"id":167,"name":"South Lake Tavern","suburb":"South Lake","price":8,"address":"Edeline St, South Lake","website":null,"lat":-32.0978,"lng":115.8432,"beerType":"House lager","happyHour":"Wed-Sun 5-7pm","context":"$8 house pints Wed-Sun 5-7pm","lastUpdated":"2025-02-17"},{"id":168,"name":"Bibra Lake Bowling Club","suburb":"Bibra Lake","price":7,"address":"Progress Dr, Bibra Lake","website":null,"lat":-32.0918,"lng":115.8247,"beerType":"Swan Draught","happyHour":null,"context":"$7 Swan pints - bowls club","lastUpdated":"2025-02-17"},{"id":169,"name":"Atwell Tavern","suburb":"Atwell","price":8,"address":"Harmony Ave, Atwell","website":null,"lat":-32.1465,"lng":115.8568,"beerType":"House lager","happyHour":"Tue-Sat 5-7pm","context":"$8 house pints Tue-Sat 5-7pm","lastUpdated":"2025-02-17"},{"id":170,"name":"Success Sports Club","suburb":"Success","price":7,"address":"Hammond Rd, Success","website":null,"lat":-32.1387,"lng":115.8489,"beerType":"Emu Export","happyHour":null,"context":"$7 Emu pints - sports club","lastUpdated":"2025-02-17"},{"id":171,"name":"Aubin Grove Tavern","suburb":"Aubin Grove","price":8,"address":"Wentworth Parade, Aubin Grove","website":null,"lat":-32.1651,"lng":115.8593,"beerType":"House lager","happyHour":"Mon-Fri 5-7pm","context":"$8 house pints Mon-Fri 5-7pm","lastUpdated":"2025-02-17"},{"id":172,"name":"Byford Tavern","suburb":"Byford","price":8,"address":"South Western Hwy, Byford","website":null,"lat":-32.2226,"lng":116.0052,"beerType":"House lager","happyHour":"Wed-Sat 4-6pm","context":"$8 house pints Wed-Sat 4-6pm","lastUpdated":"2025-02-17"},{"id":173,"name":"Mundijong Tavern","suburb":"Mundijong","price":8,"address":"Mundijong Rd, Mundijong","website":null,"lat":-32.2923,"lng":115.9814,"beerType":"House lager","happyHour":"Thu-Sun 5-7pm","context":"$8 house pints Thu-Sun 5-7pm","lastUpdated":"2025-02-17"},{"id":174,"name":"Baldivis Sports Club","suburb":"Baldivis","price":7,"address":"Fifty Rd, Baldivis","website":null,"lat":-32.3248,"lng":115.7836,"beerType":"Swan Draught","happyHour":null,"context":"$7 Swan pints - sports club","lastUpdated":"2025-02-17"},{"id":175,"name":"Wellard Tavern","suburb":"Wellard","price":8,"address":"The Strand, Wellard","website":null,"lat":-32.2761,"lng":115.8347,"beerType":"House lager","happyHour":"Tue-Sat 5-7pm","context":"$8 house pints Tue-Sat 5-7pm","lastUpdated":"2025-02-17"},{"id":176,"name":"Calista Bowling Club","suburb":"Kwinana","price":7,"address":"Meares Ave, Calista","website":null,"lat":-32.2387,"lng":115.7812,"beerType":"Emu Export","happyHour":null,"context":"$7 Emu pints - bowls club","lastUpdated":"2025-02-17"},{"id":177,"name":"Darius Hotel","suburb":"Kwinana","price":8,"address":"Gilmore Ave, Kwinana","website":null,"lat":-32.2408,"lng":115.7761,"beerType":"House lager","happyHour":"Mon-Sat 4-6pm","context":"$8 house pints Mon-Sat 4-6pm","lastUpdated":"2025-02-17"},{"id":178,"name":"Medina Tavern","suburb":"Medina","price":8,"address":"Pace Rd, Medina","website":null,"lat":-32.2324,"lng":115.7908,"beerType":"House lager","happyHour":"Wed-Sun 5-7pm","context":"$8 house pints Wed-Sun 5-7pm","lastUpdated":"2025-02-17"},{"id":179,"name":"Leda Tavern","suburb":"Leda","price":8,"address":"Feilman Dr, Leda","website":null,"lat":-32.2638,"lng":115.7923,"beerType":"House lager","happyHour":"Tue-Sat 4-6pm","context":"$8 house pints Tue-Sat 4-6pm","lastUpdated":"2025-02-17"},{"id":180,"name":"Parmelia Sports Club","suburb":"Parmelia","price":7,"address":"Doig St, Parmelia","website":null,"lat":-32.2521,"lng":115.8168,"beerType":"Emu Export","happyHour":null,"context":"$7 Emu pints - sports club","lastUpdated":"2025-02-17"},{"id":181,"name":"Garden Island RSL","suburb":"Rockingham","price":7,"address":"Railway Terrace, Rockingham","website":null,"lat":-32.2791,"lng":115.7303,"beerType":"Swan Draught","happyHour":"Thu-Sat 4-6pm","context":"$7 Swan pints Thu-Sat 4-6pm - RSL","lastUpdated":"2025-02-17"},{"id":182,"name":"Palm Beach Hotel","suburb":"Rockingham","price":8,"address":"Rockingham Beach Rd, Rockingham","website":null,"lat":-32.2852,"lng":115.7232,"beerType":"House lager","happyHour":"Daily 5-7pm","context":"$8 house pints daily 5-7pm - waterfront","lastUpdated":"2025-02-17"}]